x,y,z,is_anomaly
0.9879,0.1702,1.0805,0
-0.1502,-0.8412,0.0637,0
-0.1096,-0.3333,0.4699,0
0.5215,-0.0421,0.2534,0
0.9182,-0.5535,-0.5241,0
0.5415,-0.0594,-0.0320,0
0.8496,-0.6070,-0.1822,0
0.2688,-0.3772,-0.3128,0
0.7645,-0.3476,-0.3469,0
0.0768,-0.0564,0.3376,0
0.8049,-0.2167,0.4550,0
0.6037,-0.2604,0.0804,0
-0.4282,0.2983,0.1721,0
0.6046,-0.2767,-0.0520,0
0.2462,-0.1316,0.3732,0
0.3443,-0.1179,-0.2371,0
-0.1856,-0.4864,-0.4582,0
0.8107,-0.4075,-0.2496,0
0.2077,0.1730,0.2211,0
0.3005,-0.1294,0.7463,0
0.7902,-0.5712,0.6093,0
0.3846,0.0423,0.2244,0
-0.1292,-0.5719,-0.2181,0
0.7653,-0.4299,0.4016,0
0.0666,-0.5881,-0.3152,0
0.6595,0.0481,-0.0374,0
0.8017,-0.5102,0.4582,0
0.6478,-0.4824,0.7296,0
0.6773,-0.6088,-0.0015,0
0.4167,-0.4713,-0.0994,0
0.6800,-0.0575,0.2767,0
0.3216,-0.5788,0.0102,0
0.3289,0.2445,-0.3211,0
-0.1349,-0.1005,0.3589,0
0.5162,-0.1834,0.3848,0
-0.2599,-0.3776,0.4191,0
0.7492,-0.5476,-0.1800,0
0.4893,-0.2945,0.1344,0
1.1270,-0.2705,-0.5978,0
0.5273,0.1323,-0.0172,0
0.0823,-0.2528,0.2290,0
1.1731,-0.3106,0.5392,0
0.9357,-0.0785,0.0630,0
0.2139,-0.6481,0.4759,0
1.1796,0.1432,0.0642,0
0.9560,-0.4693,-0.3055,0
0.7338,-0.6424,-0.4158,0
0.3050,-0.3264,0.0274,0
0.9303,-0.4298,0.3907,0
0.7725,0.1747,-0.4060,0
0.5579,-0.6474,0.4414,0
0.8584,0.2934,0.5676,0
0.7675,-0.1371,-0.2218,0
0.8522,-0.1235,-0.0728,0
0.3238,-0.3560,-0.2445,0
0.2239,-0.3436,-0.5623,0
0.9400,0.1108,-0.1092,0
0.1496,-0.3457,-0.0984,0
-0.3168,-0.4908,0.1458,0
0.8429,0.0647,-0.1840,0
0.3253,-0.3279,0.8670,0
0.8362,-0.2257,-0.2748,0
0.2575,-0.6926,0.2169,0
0.1296,-0.5913,-0.2807,0
0.3865,-0.3831,0.4127,0
0.4990,0.0312,0.1436,0
0.5385,0.0313,-0.2005,0
0.1440,0.0685,0.5230,0
0.5908,-0.4879,0.0442,0
0.5710,-0.6750,-0.6215,0
0.2522,-0.2790,0.5555,0
-0.3391,-0.0181,0.4933,0
0.6857,-0.5288,0.0923,0
0.5335,-0.3397,0.2595,0
0.6875,0.1200,-0.3008,0
0.3090,-0.0771,-0.3209,0
-0.3275,-0.3775,-0.5726,0
0.0349,-1.0555,0.7295,0
0.7262,-0.5423,0.0925,0
0.1413,-0.3650,-0.1828,0
-0.2332,-0.2590,0.0976,0
0.3787,-0.4766,0.2579,0
0.9020,-0.2263,-0.4672,0
0.6764,-0.2996,-0.0507,0
0.6459,-0.5178,0.6848,0
0.4744,-0.0687,0.5747,0
0.3350,-0.0793,-0.3762,0
0.4960,-0.4136,-0.0251,0
0.3105,-0.6759,-0.3422,0
1.1726,0.0262,-0.5948,0
0.5737,0.1808,-0.0406,0
0.8820,-0.1948,0.3761,0
0.4301,-0.0960,0.4910,0
0.1085,-0.6148,-0.1609,0
0.3109,0.1739,0.4832,0
0.4752,-0.6845,-0.2645,0
0.4639,0.0115,0.1571,0
0.3894,-0.0195,0.0637,0
0.4685,-0.8325,0.3872,0
0.9534,-0.4410,-0.1079,0
-0.3563,0.0683,-0.0819,0
0.2431,-0.4836,-0.0401,0
0.0786,0.3081,0.4675,0
0.3703,0.0543,-0.1750,0
0.4637,0.2072,0.5170,0
0.4644,-0.2501,0.0636,0
0.1185,-0.7934,-0.2743,0
0.5055,-0.1583,0.1913,0
0.1215,-0.5752,0.7720,0
0.7405,-0.4701,-0.0007,0
0.4976,-0.5382,0.1308,0
0.9587,-0.0267,0.1759,0
0.7942,-0.3020,0.2035,0
0.8090,-0.1500,0.2825,0
0.5009,-0.0183,-0.6709,0
0.7979,0.2788,-0.0931,0
0.2216,0.6614,0.3528,0
0.4562,-0.0184,0.3999,0
0.2889,-0.0984,-0.1195,0
-0.1589,-0.2827,0.2002,0
0.7505,-0.0587,0.4704,0
0.1050,-0.2074,-0.3270,0
1.6720,-0.0900,0.0724,0
0.6198,-0.3720,0.3917,0
0.5899,0.4887,-0.2381,0
0.6596,-0.3744,0.2807,0
0.2268,-0.1275,-0.5905,0
0.8242,-0.3678,0.2761,0
0.6033,0.0523,-0.9087,0
0.2256,-0.8710,0.2912,0
0.4445,-0.6576,0.6457,0
0.0046,-0.4291,0.8958,0
0.4744,0.0518,-0.0858,0
-0.0592,-0.3662,-0.0717,0
0.4287,-0.6203,0.0383,0
0.7522,-0.5397,0.9393,0
0.5374,0.2414,0.4174,0
0.2623,-0.5665,0.1590,0
0.5348,-0.1965,-0.1595,0
0.0494,-0.4136,-0.0429,0
0.6447,-0.0741,-0.1207,0
0.7378,-0.1591,0.0755,0
0.9204,0.0525,-0.6980,0
1.0441,-0.2891,-0.3743,0
0.3664,-0.3333,0.2727,0
1.2708,-0.6692,-0.6897,0
1.0373,0.3438,0.0533,0
0.6902,-0.4337,0.2870,0
0.0964,-0.5857,0.7342,0
0.3303,-0.4132,0.3710,0
0.1462,0.1666,0.5351,0
0.0331,-0.1946,0.0156,0
-0.1339,-0.2184,-1.0369,0
0.5424,-0.4279,-0.3105,0
-0.3751,-0.2638,0.0776,0
0.3760,0.0796,0.2835,0
-0.3058,-0.4717,-0.8144,0
0.3745,-0.3511,-0.3697,0
0.2222,0.1953,0.6732,0
0.8425,-0.2321,-0.2026,0
0.4461,0.0246,-0.0609,0
0.3023,0.0563,0.3156,0
0.3888,-0.9629,0.4221,0
0.4861,-0.4950,1.0939,0
-0.0319,-0.0973,0.0903,0
0.4927,-0.1931,-0.2592,0
0.7479,-0.5058,-0.2762,0
0.5048,-0.4027,-0.2543,0
0.8108,-0.0519,-0.2245,0
0.7154,0.2100,0.3229,0
-0.1151,0.3772,0.9052,0
0.7379,0.0779,0.8378,0
1.0417,-0.0893,-0.1099,0
0.2018,-0.3933,-0.0945,0
0.5136,-0.2734,0.4734,0
0.7850,-0.6734,-0.1920,0
0.3891,-0.3672,0.5767,0
0.6438,-0.0515,0.6017,0
0.3210,-0.2511,0.1245,0
0.2080,-0.2763,0.3015,0
3.5000,3.2000,4.0000,1
-3.0000,2.5000,-3.5000,1
2.8000,-4.0000,3.0000,1
-2.5000,-3.0000,-4.2000,1
4.0000,-3.5000,-3.0000,1
-3.5000,4.0000,3.5000,1
0.5000,4.5000,-0.2000,1
4.2000,0.1000,4.0000,1
-4.0000,-0.2000,3.0000,1
1.0000,-4.5000,-3.5000,1
-0.6729,0.0564,-3.3973,1
1.0446,-2.9432,-0.9855,1
-1.6179,1.4461,3.2910,1
1.0355,-3.6361,-0.6500,1
-1.5551,-0.4408,-4.2747,1
1.9645,1.8039,-1.7749,1
-3.3234,0.7634,-0.9121,1
-1.1383,0.5317,4.4280,1
3.6041,-0.0772,-0.6856,1
1.0671,2.6886,-3.5823,1
